name,base_url,category_slug,schema_name,discovery_procedure,crawl_notes,active,metric_name,metric_value,metric_unit,estimate_kind,provenance,source_url,observed_on
GitHub,https://github.com,git-hosting,git-repository,GitHub REST and GraphQL APIs plus public event streams,Respect API rate limits and repository visibility changes,1,public_repositories,420000000,repositories,estimate,Planning estimate based on publicly reported scale,,2026-07-09
GitLab.com,https://gitlab.com,git-hosting,git-repository,GitLab REST API project listing and search,Respect API pagination and rate limits,1,public_projects,50000000,projects,estimate,Planning estimate for public GitLab.com projects,,2026-07-09
Bitbucket,https://bitbucket.org,git-hosting,git-repository,Bitbucket Cloud API repository listing and workspace discovery,Separate Cloud from self-hosted Bitbucket instances,1,public_repositories,17000000,repositories,estimate,Planning estimate for public Bitbucket Cloud repositories,,2026-07-09
SourceForge,https://sourceforge.net,git-hosting,git-repository,Project directory APIs and site maps,Projects may expose Git SVN or download-only source,1,projects,500000,projects,estimate,Planning estimate for public SourceForge projects,,2026-07-09
npm,https://www.npmjs.com,package-registry,package-release,npm registry replication endpoint and package metadata API,Use tarball URLs from package version metadata,1,packages,3000000,packages,estimate,Planning estimate for npm package catalog,,2026-07-09
PyPI,https://pypi.org,package-registry,package-release,PyPI simple index and JSON API,Prefer sdists and record packages without source distributions,1,projects,700000,projects,estimate,Planning estimate for PyPI project catalog,,2026-07-09
Jupyter Notebook Viewer,https://nbviewer.org,notebook-hosting,notebook,Public notebook URLs through linked repositories and gallery indexes,Service renders notebooks rather than owning a complete catalog,1,notebooks,,notebooks,estimate,No reliable aggregate count identified; scope to be measured,,2026-07-09
Google Colab,https://colab.research.google.com,notebook-hosting,notebook,Public Drive and GitHub-linked notebook discovery,Only crawl notebooks explicitly exposed publicly,1,notebooks,,notebooks,estimate,No reliable aggregate count identified; scope to be measured,,2026-07-09
MDN Web Docs,https://developer.mozilla.org,technical-publishing,web-page-code-blocks,Sitemaps and documented content repository,Examples may be duplicated across translated pages,1,pages,,pages,estimate,No reliable aggregate count identified; scope to be measured,,2026-07-09
Gitee,https://gitee.com,git-hosting,git-repository,Gitee OpenAPI project search and public explore pages,Confirm public visibility and API terms before bulk collection,1,repositories,80000000,repositories,estimate,Planning estimate for public Gitee repositories,https://gitee.com/explore,2026-07-09
Codeberg,https://codeberg.org,git-hosting,git-repository,Forgejo API and public repository directory,Use the Forgejo API and record instance-specific limits,1,repositories,100000,repositories,estimate,Planning estimate for public Codeberg repositories,https://codeberg.org/explore/repos,2026-07-09
SourceHut,https://sr.ht,git-hosting,git-repository,SourceHut GraphQL API and public git service listings,Repositories are split across service subdomains,1,repositories,,repositories,estimate,No reliable aggregate count identified; scope to be measured,https://man.sr.ht/api.md,2026-07-09
Launchpad,https://launchpad.net,git-hosting,git-repository,Launchpad REST API and project registry,Projects can contain Bazaar Git or mirrored source trees,1,projects,,projects,estimate,No reliable aggregate count identified; scope to be measured,https://help.launchpad.net/API,2026-07-09
GNU Savannah,https://savannah.gnu.org,git-hosting,git-repository,Project directory and Git service listings,Include Git repositories and distinguish GNU Savannah from Savannah non-GNU,1,projects,,projects,estimate,No reliable aggregate count identified; scope to be measured,https://savannah.gnu.org/stats/,2026-07-09
GitLab KDE Invent,https://invent.kde.org,git-hosting,git-repository,GitLab API project enumeration,Instance-specific public GitLab host,1,projects,,projects,estimate,No reliable aggregate count identified; scope to be measured,https://invent.kde.org/explore/projects,2026-07-09
GNOME GitLab,https://gitlab.gnome.org,git-hosting,git-repository,GitLab API project enumeration,Instance-specific public GitLab host,1,projects,,projects,estimate,No reliable aggregate count identified; scope to be measured,https://gitlab.gnome.org/explore/projects,2026-07-09
Freedesktop GitLab,https://gitlab.freedesktop.org,git-hosting,git-repository,GitLab API project enumeration,Instance-specific public GitLab host,1,projects,,projects,estimate,No reliable aggregate count identified; scope to be measured,https://gitlab.freedesktop.org/explore/projects,2026-07-09
Debian Salsa,https://salsa.debian.org,git-hosting,git-repository,GitLab API project enumeration,Debian packaging repositories may duplicate upstream code,1,projects,,projects,estimate,No reliable aggregate count identified; scope to be measured,https://salsa.debian.org/explore/projects,2026-07-09
Android Open Source Project,https://android.googlesource.com,git-hosting,git-repository,Gitiles project index and Git smart HTTP,Use manifest branches to identify coherent platform snapshots,1,repositories,,repositories,estimate,No reliable aggregate count identified; scope to be measured,https://android.googlesource.com/,2026-07-09
Chromium Git,https://chromium.googlesource.com,git-hosting,git-repository,Gitiles project index and Git smart HTTP,Use project listings and avoid duplicating mirrors,1,repositories,,repositories,estimate,No reliable aggregate count identified; scope to be measured,https://chromium.googlesource.com/,2026-07-09
OpenDev,https://opendev.org,git-hosting,git-repository,Gerrit REST API and Git smart HTTP,OpenStack and related projects use Gerrit-hosted repositories,1,repositories,,repositories,estimate,No reliable aggregate count identified; scope to be measured,https://opendev.org/,2026-07-09
Apache GitBox,https://gitbox.apache.org,git-hosting,git-repository,Apache project directory and Git smart HTTP,Prefer canonical project repositories over mirrors,1,repositories,,repositories,estimate,No reliable aggregate count identified; scope to be measured,https://gitbox.apache.org/,2026-07-09
crates.io,https://crates.io,package-registry,package-release,crates.io API summary and crate version endpoints,Fetch crate tarballs and retain yanked-release status,1,crates,,crates,published,Live count is available from the registry summary endpoint,https://crates.io/api/v1/summary,2026-07-09
Packagist,https://packagist.org,package-registry,package-release,Packagist metadata API and statistics endpoint,Package metadata generally points to upstream VCS rather than bundled source,1,packages,,packages,published,Live package count is available from the Packagist statistics endpoint,https://packagist.org/statistics.json,2026-07-09
Maven Central,https://central.sonatype.com,package-registry,package-release,Maven Central search API and repository indexes,Source JARs should be preferred over binary JARs,1,artifacts,,artifacts,published,Live result count is available from Maven Central search,https://search.maven.org/solrsearch/select?q=*:*&rows=0&wt=json,2026-07-09
RubyGems,https://rubygems.org,package-registry,package-release,RubyGems API and compact index,Fetch gem archives and retain platform-specific variants,1,gems,,gems,published,Registry statistics are published by RubyGems,https://rubygems.org/stats,2026-07-09
NuGet,https://www.nuget.org,package-registry,package-release,NuGet V3 service index and catalog,Prefer source-link metadata and package archives,1,packages,,packages,published,Registry statistics are published by NuGet,https://www.nuget.org/stats,2026-07-09
Go Module Index,https://index.golang.org,package-registry,package-release,Go module index API and proxy endpoints,Modules commonly point to upstream VCS and should be deduplicated by origin,1,modules,,modules,estimate,No stable public aggregate count identified; scope to be measured,https://index.golang.org/index,2026-07-09
pub.dev,https://pub.dev,package-registry,package-release,pub.dev API and package search index,Fetch published archives and track retracted versions,1,packages,,packages,estimate,No stable public aggregate count identified; scope to be measured,https://pub.dev/help/api,2026-07-09
Hex,https://hex.pm,package-registry,package-release,Hex API and package index,Fetch Hex tarballs and retain package build metadata,1,packages,,packages,estimate,No stable public aggregate count identified; scope to be measured,https://hex.pm/api/packages,2026-07-09
CRAN,https://cran.r-project.org,package-registry,package-release,CRAN package index and source archive listing,Use source tarballs rather than platform binaries,1,packages,,packages,published,Package listings are published by CRAN,https://cran.r-project.org/web/packages/,2026-07-09
Hackage,https://hackage.haskell.org,package-registry,package-release,Hackage package index and cabal file endpoints,Fetch package tarballs and retain revision history,1,packages,,packages,estimate,No stable public aggregate count identified; scope to be measured,https://hackage.haskell.org/packages/,2026-07-09
MetaCPAN,https://metacpan.org,package-registry,package-release,MetaCPAN API and distribution search,Fetch distribution release archives rather than rendered source only,1,distributions,,distributions,estimate,No stable public aggregate count identified; scope to be measured,https://api.metacpan.org/,2026-07-09
CocoaPods,https://cocoapods.org,package-registry,package-release,CocoaPods trunk API and Specs repository,Pod specifications often reference source repositories and archives,1,pods,,pods,estimate,No stable public aggregate count identified; scope to be measured,https://guides.cocoapods.org/terminal/commands.html,2026-07-09
Composer Repository,https://repo.packagist.org,package-registry,package-release,Composer metadata endpoints,This mirrors Packagist metadata and should not be counted independently,1,packages,,packages,estimate,Alias source retained for protocol coverage,https://repo.packagist.org/,2026-07-09
JSR,https://jsr.io,package-registry,package-release,JSR API and package metadata endpoints,Fetch published package archives and retain runtime compatibility metadata,1,packages,,packages,estimate,No stable public aggregate count identified; scope to be measured,https://jsr.io/docs/api,2026-07-09
Debian Sources,https://sources.debian.org,package-registry,package-release,Debian Sources API and package listings,Use source package versions and distinguish Debian patches from upstream source,1,source_packages,,source_packages,estimate,No stable public aggregate count identified; scope to be measured,https://sources.debian.org/api/,2026-07-09
Fedora Packages,https://packages.fedoraproject.org,package-registry,package-release,Fedora package database and source RPM metadata,Source RPMs require extraction before file traversal,1,packages,,packages,estimate,No stable public aggregate count identified; scope to be measured,https://packages.fedoraproject.org/,2026-07-09
Arch Linux Packages,https://archlinux.org/packages,package-registry,package-release,Arch package API and PKGBUILD source repositories,Prefer PKGBUILD source definitions and source archive provenance,1,packages,,packages,estimate,No stable public aggregate count identified; scope to be measured,https://archlinux.org/packages/,2026-07-09
Kaggle Code,https://www.kaggle.com/code,notebook-hosting,notebook,Kaggle API and public notebook search,Download notebook revisions only when public and permitted,1,notebooks,,notebooks,estimate,No reliable aggregate count identified; scope to be measured,https://www.kaggle.com/docs/api,2026-07-09
Observable,https://observablehq.com,notebook-hosting,notebook,Observable API and public notebook profiles,Notebook cells can import remote modules and require dependency provenance,1,notebooks,,notebooks,estimate,No reliable aggregate count identified; scope to be measured,https://observablehq.com/documentation,2026-07-09
Deepnote,https://deepnote.com,notebook-hosting,notebook,Public workspace and notebook search,Only collect notebooks explicitly shared publicly,1,notebooks,,notebooks,estimate,No reliable aggregate count identified; scope to be measured,https://deepnote.com/,2026-07-09
Replit,https://replit.com,online-ide,online-project,Public repl search and profile indexes,Projects can change visibility and may include secrets; apply secret scanning before retention,1,repls,,projects,estimate,No reliable aggregate count identified; scope to be measured,https://docs.replit.com/,2026-07-09
CodeSandbox,https://codesandbox.io,online-ide,online-project,Public sandbox APIs and profile pages,Retrieve immutable revision identifiers where exposed,1,sandboxes,,projects,estimate,No reliable aggregate count identified; scope to be measured,https://codesandbox.io/docs,2026-07-09
Glitch,https://glitch.com,online-ide,online-project,Public project profiles and project APIs,Glitch project availability may change; record retrieval status,1,projects,,projects,estimate,No reliable aggregate count identified; scope to be measured,https://help.glitch.com/,2026-07-09
StackBlitz,https://stackblitz.com,online-ide,online-project,Public project search and project APIs,Preserve starter-template and dependency metadata,1,projects,,projects,estimate,No reliable aggregate count identified; scope to be measured,https://developer.stackblitz.com/,2026-07-09
JS Bin,https://jsbin.com,online-ide,online-project,Public bin URLs and archive listings,Record HTML CSS JavaScript panels independently,1,bins,,projects,estimate,No reliable aggregate count identified; scope to be measured,https://jsbin.com/,2026-07-09
CodePen,https://codepen.io,code-demo,online-project,Public pen search and profile pages,Extract HTML CSS JS panels and dependency metadata,1,pens,,projects,estimate,No reliable aggregate count identified; scope to be measured,,2026-07-09
JSFiddle,https://jsfiddle.net,code-demo,online-project,Public fiddle search profile pages and APIs,Extract HTML CSS JavaScript and resource settings,1,fiddles,,projects,estimate,No reliable aggregate count identified; scope to be measured,,2026-07-09
Dabblet,https://dabblet.com,code-demo,online-project,Public dabblet listings and URLs,Extract CSS and HTML source panels,1,dabblets,,projects,estimate,No reliable aggregate count identified; scope to be measured,https://dabblet.com/,2026-07-09
Stack Exchange Network,https://stackexchange.com,discussion-forum,forum-post-code,Stack Exchange API and public data dumps,Use site-specific post and revision provenance rather than treating all network content as Stack Overflow,1,questions,,questions,published,Periodic public data dumps provide a crawlable network inventory,https://archive.org/details/stackexchange,2026-07-09
Stack Overflow,https://stackoverflow.com,discussion-forum,forum-post-code,Stack Exchange API and data dumps,Use question answer revision provenance for code blocks,1,questions,24000000,questions,estimate,Planning estimate for Stack Overflow question corpus,https://data.stackexchange.com/stackoverflow/query/new,2026-07-09
Reddit,https://www.reddit.com,discussion-forum,forum-post-code,Reddit API and public subreddit listings,Scope to programming-focused communities and retain subreddit and post provenance,1,posts,,posts,estimate,No reliable code-specific aggregate count identified; scope to be measured,https://developers.reddit.com/docs/api/,2026-07-09
CodeProject,https://www.codeproject.com,discussion-forum,forum-post-code,Article and forum indexes plus sitemaps,Separate attached project archives from inline code blocks,1,articles,,articles,estimate,No reliable aggregate count identified; scope to be measured,https://www.codeproject.com/,2026-07-09
DEV Community,https://dev.to,technical-publishing,web-page-code-blocks,DEV API and article feeds,Use canonical URLs and retain article revision timestamps,1,articles,,articles,estimate,No reliable aggregate count identified; scope to be measured,https://developers.forem.com/api,2026-07-09
Hashnode,https://hashnode.com,technical-publishing,web-page-code-blocks,Hashnode GraphQL API and publication feeds,Use publication and post identifiers to avoid syndication duplicates,1,articles,,articles,estimate,No reliable aggregate count identified; scope to be measured,https://apidocs.hashnode.com/,2026-07-09
Read the Docs,https://readthedocs.io,technical-publishing,web-page-code-blocks,Project API and documentation sitemap discovery,Documentation builds can duplicate versioned content; select canonical versions,1,projects,,projects,estimate,No reliable aggregate count identified; scope to be measured,https://docs.readthedocs.io/en/stable/api/,2026-07-09
GeeksforGeeks,https://www.geeksforgeeks.org,technical-publishing,web-page-code-blocks,Sitemaps and article indexes,Attribute snippets to canonical article URLs and avoid translated duplicates,1,articles,,articles,estimate,No reliable aggregate count identified; scope to be measured,https://www.geeksforgeeks.org/,2026-07-09
freeCodeCamp News,https://www.freecodecamp.org/news,technical-publishing,web-page-code-blocks,WordPress API and article feeds,Retain article license and author provenance with code blocks,1,articles,,articles,estimate,No reliable aggregate count identified; scope to be measured,https://www.freecodecamp.org/news/about/,2026-07-09
Microsoft Learn,https://learn.microsoft.com,technical-publishing,web-page-code-blocks,Sitemaps and Microsoft Learn content APIs,Examples may link to GitHub repositories and should retain external origin references,1,pages,,pages,estimate,No reliable aggregate count identified; scope to be measured,https://learn.microsoft.com/,2026-07-09
W3Schools,https://www.w3schools.com,technical-publishing,web-page-code-blocks,Sitemaps and tutorial page discovery,Extract runnable examples and source blocks separately,1,pages,,pages,estimate,No reliable aggregate count identified; scope to be measured,https://www.w3schools.com/,2026-07-09
Baeldung,https://www.baeldung.com,technical-publishing,web-page-code-blocks,Sitemaps and article indexes,Use canonical pages and retain source-language metadata when inferable,1,articles,,articles,estimate,No reliable aggregate count identified; scope to be measured,https://www.baeldung.com/,2026-07-09
GitHub Gist,https://gist.github.com,code-snippet,code-snippet,GitHub Gist REST and GraphQL APIs,Respect public visibility and preserve revision commit identifiers,1,gists,,gists,estimate,No reliable aggregate count identified; scope to be measured,https://docs.github.com/en/rest/gists/gists,2026-07-09
GitLab Snippets,https://gitlab.com/explore/snippets,code-snippet,code-snippet,GitLab snippets API and public explore pages,Snippets may be project-scoped or personal; retain both provenance types,1,snippets,,snippets,estimate,No reliable aggregate count identified; scope to be measured,https://docs.gitlab.com/api/snippets/,2026-07-09
Pastebin,https://pastebin.com,code-snippet,code-snippet,Public archive and paste URL discovery,Filter non-code pastes using language metadata and content classification,1,pastes,,pastes,estimate,No reliable aggregate count identified; scope to be measured,https://pastebin.com/doc_api,2026-07-09
Hastebin,https://hastebin.com,code-snippet,code-snippet,Public paste URL discovery and service API,Service deployments vary; inventory the canonical public service only,1,pastes,,pastes,estimate,No reliable aggregate count identified; scope to be measured,https://hastebin.com/about.md,2026-07-09
Zenodo,https://zenodo.org,academic-research-code,research-deposit,Zenodo REST API and OAI-PMH,Filter for software resource types and retain DOI version relationships,1,deposits,,deposits,published,Zenodo publishes repository statistics and an API catalog,https://developers.zenodo.org/,2026-07-09
Figshare,https://figshare.com,academic-research-code,research-deposit,Figshare API and public article search,Filter for software categories and archive file manifests with DOI metadata,1,items,,items,published,Figshare exposes public article metadata through its API,https://docs.figshare.com/,2026-07-09
Open Science Framework,https://osf.io,academic-research-code,research-deposit,OSF API and public project registry,Filter projects and registrations for code-bearing storage providers,1,projects,,projects,estimate,No reliable code-specific aggregate count identified; scope to be measured,https://developer.osf.io/,2026-07-09
Software Heritage,https://archive.softwareheritage.org,code-archive,archived-origin,Software Heritage graph and vault APIs,Archive content substantially overlaps primary hosts; retain origin and visit provenance for deduplication,1,origins,,origins,published,Software Heritage publishes archive statistics and APIs,https://docs.softwareheritage.org/devel/swh-graph/api.html,2026-07-09
Google Code Archive,https://code.google.com/archive,code-archive,archived-origin,Google Code project archive listings,This is a fixed legacy corpus and may overlap later repository hosts,1,projects,,projects,estimate,No reliable aggregate count identified; scope to be measured,https://code.google.com/archive/,2026-07-09
Hugging Face Hub,https://huggingface.co,model-hub,model-repository,Hugging Face Hub API and repository search,Classify Spaces notebooks and source code separately from model weights and datasets,1,repositories,,repositories,published,Hub API exposes public model dataset and Space repository inventories,https://huggingface.co/docs/hub/api,2026-07-09
ModelScope,https://modelscope.cn,model-hub,model-repository,ModelScope API and public repository directory,Classify code files separately from model artifacts,1,repositories,,repositories,estimate,No reliable aggregate count identified; scope to be measured,https://modelscope.cn/docs,2026-07-09
Chrome Web Store,https://chromewebstore.google.com,extension-marketplace,extension-package,Chrome Web Store catalog and extension package metadata,Only collect packages lawfully available for download and retain manifest version,1,extensions,,extensions,estimate,No reliable aggregate count identified; scope to be measured,https://developer.chrome.com/docs/webstore,2026-07-09
Firefox Add-ons,https://addons.mozilla.org,extension-marketplace,extension-package,AMO API and public add-on listings,Fetch XPI archives and preserve add-on license and version metadata,1,extensions,,extensions,published,AMO exposes public add-on data through its API,https://addons-server.readthedocs.io/en/latest/topics/api/,2026-07-09
Visual Studio Marketplace,https://marketplace.visualstudio.com,extension-marketplace,extension-package,Marketplace API and VSIX package endpoints,Fetch VSIX archives and retain publisher extension and version identifiers,1,extensions,,extensions,estimate,No reliable aggregate count identified; scope to be measured,https://code.visualstudio.com/api/working-with-extensions/publishing-extension,2026-07-09
Open VSX Registry,https://open-vsx.org,extension-marketplace,extension-package,Open VSX REST API and extension download endpoints,Fetch VSIX archives and retain Open VSX namespace metadata,1,extensions,,extensions,estimate,No reliable aggregate count identified; scope to be measured,https://github.com/eclipse/openvsx/wiki/REST-API-V1,2026-07-09
